ticket_id,entity_type,value
TCK00252,applications,Gate-Management-System
TCK00258,devices,DEV0266
TCK00254,applications,Cargo-Manifest-System
TCK00151,accounts,STF1009
TCK00151,applications,Gate-Management-System
TCK00005,accounts,STF1110
TCK00005,applications,Departure-Control-System
TCK00069,applications,Departure-Control-System
TCK00069,vendors,AeroFuel Solutions
TCK00185,accounts,STF1029
TCK00116,applications,Gate-Management-System
TCK00116,vendors,Falcon Cargo Handling
TCK00232,applications,Departure-Control-System
TCK00255,applications,Cargo-Manifest-System
TCK00255,vendors,AeroFuel Solutions
TCK00039,accounts,STF1121
TCK00039,applications,Cargo-Manifest-System
TCK00095,devices,DEV0306
TCK00113,applications,Cargo-Manifest-System
TCK00113,vendors,AeroFuel Solutions
TCK00044,accounts,STF1107
TCK00044,applications,Airfield-Ops-Portal
TCK00159,accounts,STF1084
TCK00159,applications,Airfield-Ops-Portal
TCK00164,vendors,SkyLink Ground Services
TCK00062,applications,Cargo-Manifest-System
TCK00062,vendors,Coastal Catering Co
TCK00309,accounts,STF1135
TCK00145,accounts,STF1047
TCK00145,applications,Cargo-Manifest-System
TCK00314,devices,DEV0290
TCK00142,applications,Gate-Management-System
TCK00120,accounts,STF1054
TCK00120,applications,Gate-Management-System
TCK00120,applications,Airfield-Ops-Portal
TCK00104,accounts,STF1055
TCK00059,applications,Cargo-Manifest-System
TCK00296,accounts,STF1129
TCK00296,applications,Departure-Control-System
TCK00195,accounts,VND2033
TCK00195,applications,Gate-Management-System
TCK00009,accounts,STF1087
TCK00212,accounts,STF1177
TCK00212,applications,Airfield-Ops-Portal
TCK00323,accounts,STF1102
TCK00323,applications,Gate-Management-System
TCK00323,applications,Baggage-Handling-System
TCK00036,applications,Airfield-Ops-Portal
TCK00124,applications,Departure-Control-System
TCK00124,vendors,Meridian Aircraft Maintenance
TCK00253,accounts,STF1087
TCK00253,applications,Airfield-Ops-Portal
TCK00121,accounts,STF1171
TCK00121,applications,Departure-Control-System
TCK00038,applications,Baggage-Handling-System
TCK00024,accounts,STF1019
TCK00302,applications,Baggage-Handling-System
TCK00302,vendors,Meridian Aircraft Maintenance
TCK00150,accounts,STF1113
TCK00150,applications,Airfield-Ops-Portal
TCK00097,applications,Departure-Control-System
TCK00181,applications,Baggage-Handling-System
TCK00081,applications,Airfield-Ops-Portal
TCK00153,accounts,STF1054
TCK00153,applications,Cargo-Manifest-System
TCK00303,accounts,VND2006
TCK00303,applications,Airfield-Ops-Portal
TCK00205,applications,Airfield-Ops-Portal
TCK00229,applications,Departure-Control-System
TCK00102,applications,Baggage-Handling-System
TCK00073,applications,Departure-Control-System
TCK00206,applications,Airfield-Ops-Portal
TCK00041,applications,Cargo-Manifest-System
TCK00041,vendors,Horizon Cleaning Services
TCK00045,applications,Baggage-Handling-System
TCK00245,applications,Gate-Management-System
TCK00245,vendors,SkyLink Ground Services
TCK00240,applications,Airfield-Ops-Portal
TCK00240,vendors,Coastal Catering Co
TCK00226,applications,Gate-Management-System
TCK00226,vendors,Falcon Cargo Handling
TCK00065,accounts,VND2018
TCK00065,applications,Cargo-Manifest-System
TCK00269,accounts,STF1040
TCK00269,applications,Airfield-Ops-Portal
TCK00192,applications,Baggage-Handling-System
TCK00173,accounts,STF1148
TCK00173,applications,Baggage-Handling-System
TCK00173,applications,Cargo-Manifest-System
TCK00169,vendors,Meridian Aircraft Maintenance
TCK00066,accounts,VND2011
TCK00066,vendors,Falcon Cargo Handling
TCK00320,applications,Baggage-Handling-System
TCK00088,accounts,STF1094
TCK00162,applications,Departure-Control-System
TCK00291,accounts,VND2011
TCK00291,applications,Cargo-Manifest-System
TCK00156,accounts,STF1040
TCK00156,applications,Gate-Management-System
TCK00156,applications,Baggage-Handling-System
TCK00106,applications,Baggage-Handling-System
TCK00078,accounts,STF1022
TCK00078,applications,Cargo-Manifest-System
TCK00310,accounts,STF1164
TCK00310,applications,Gate-Management-System
TCK00270,accounts,STF1125
TCK00270,applications,Baggage-Handling-System
TCK00030,vendors,Coastal Catering Co
TCK00238,accounts,STF1009
TCK00020,devices,DEV0187
TCK00086,applications,Airfield-Ops-Portal
TCK00239,applications,Cargo-Manifest-System
TCK00292,applications,Departure-Control-System
TCK00292,vendors,Meridian Aircraft Maintenance
TCK00167,applications,Airfield-Ops-Portal
TCK00035,accounts,STF1003
TCK00077,accounts,STF1167
TCK00077,applications,Airfield-Ops-Portal
TCK00222,vendors,Falcon Cargo Handling
TCK00165,applications,Cargo-Manifest-System
TCK00165,vendors,Falcon Cargo Handling
TCK00266,applications,Gate-Management-System
TCK00084,accounts,STF1171
TCK00283,accounts,STF1124
TCK00283,applications,Airfield-Ops-Portal
TCK00028,applications,Baggage-Handling-System
TCK00002,accounts,STF1142
TCK00050,accounts,STF1011
TCK00311,accounts,STF1056
TCK00267,applications,Departure-Control-System
TCK00187,accounts,STF1131
TCK00048,accounts,STF1080
TCK00048,applications,Departure-Control-System
TCK00199,devices,DEV0355
TCK00033,applications,Baggage-Handling-System
TCK00082,accounts,STF1163
TCK00082,applications,Cargo-Manifest-System
TCK00115,applications,Departure-Control-System
TCK00115,vendors,SkyLink Ground Services
TCK00158,applications,Airfield-Ops-Portal
TCK00339,accounts,STF1085
TCK00244,vendors,Coastal Catering Co
TCK00234,applications,Departure-Control-System
TCK00234,vendors,AeroFuel Solutions
TCK00074,accounts,STF1042
TCK00074,applications,Gate-Management-System
TCK00334,accounts,STF1113
TCK00334,applications,Baggage-Handling-System
TCK00215,applications,Airfield-Ops-Portal
TCK00196,vendors,Meridian Aircraft Maintenance
TCK00025,applications,Gate-Management-System
TCK00286,applications,Gate-Management-System
TCK00294,accounts,STF1120
TCK00294,applications,Gate-Management-System
TCK00089,accounts,STF1044
TCK00089,applications,Departure-Control-System
TCK00130,applications,Cargo-Manifest-System
TCK00079,accounts,STF1065
TCK00079,applications,Airfield-Ops-Portal
TCK00037,accounts,STF1083
TCK00037,applications,Baggage-Handling-System
TCK00257,accounts,STF1146
TCK00257,applications,Gate-Management-System
TCK00257,applications,Airfield-Ops-Portal
TCK00029,devices,DEV0108
TCK00250,accounts,STF1055
TCK00204,applications,Airfield-Ops-Portal
TCK00221,applications,Departure-Control-System
TCK00143,applications,Cargo-Manifest-System
TCK00186,applications,Departure-Control-System
TCK00280,applications,Cargo-Manifest-System
TCK00016,accounts,STF1030
TCK00016,applications,Airfield-Ops-Portal
TCK00032,applications,Airfield-Ops-Portal
TCK00155,applications,Gate-Management-System
TCK00155,vendors,SkyLink Ground Services
TCK00090,accounts,STF1059
TCK00090,applications,Baggage-Handling-System
TCK00216,accounts,STF1042
TCK00087,devices,DEV0385
TCK00093,accounts,STF1124
TCK00305,applications,Departure-Control-System
TCK00305,vendors,Falcon Cargo Handling
TCK00317,applications,Baggage-Handling-System
TCK00108,accounts,STF1061
TCK00071,applications,Airfield-Ops-Portal
TCK00071,vendors,Falcon Cargo Handling
TCK00114,accounts,STF1062
TCK00114,applications,Gate-Management-System
TCK00114,applications,Departure-Control-System
TCK00006,accounts,STF1175
TCK00219,applications,Departure-Control-System
TCK00231,accounts,STF1092
TCK00231,applications,Airfield-Ops-Portal
TCK00201,applications,Baggage-Handling-System
TCK00201,vendors,Meridian Aircraft Maintenance
TCK00329,accounts,STF1113
TCK00315,accounts,STF1058
TCK00336,accounts,STF1045
TCK00336,applications,Cargo-Manifest-System
TCK00198,accounts,STF1000
TCK00198,applications,Departure-Control-System
TCK00008,vendors,Falcon Cargo Handling
TCK00217,applications,Airfield-Ops-Portal
TCK00217,vendors,Horizon Cleaning Services
TCK00000,applications,Departure-Control-System
TCK00000,vendors,AeroFuel Solutions
TCK00080,accounts,STF1126
TCK00010,accounts,VND2013
TCK00010,applications,Baggage-Handling-System
TCK00166,applications,Cargo-Manifest-System
TCK00246,applications,Airfield-Ops-Portal
TCK00107,accounts,STF1109
TCK00107,applications,Gate-Management-System
TCK00135,applications,Airfield-Ops-Portal
TCK00223,accounts,STF1162
TCK00110,devices,DEV0061
TCK00227,devices,DEV0099
TCK00019,applications,Gate-Management-System
TCK00301,accounts,STF1173
TCK00094,accounts,VND2033
TCK00094,applications,Gate-Management-System
TCK00180,applications,Cargo-Manifest-System
TCK00134,applications,Baggage-Handling-System
TCK00326,vendors,SkyLink Ground Services
TCK00264,accounts,STF1119
TCK00264,applications,Departure-Control-System
TCK00264,applications,Baggage-Handling-System
TCK00211,accounts,STF1029
TCK00211,applications,Airfield-Ops-Portal
TCK00126,applications,Gate-Management-System
TCK00237,accounts,STF1176
TCK00237,applications,Gate-Management-System
TCK00237,applications,Baggage-Handling-System
TCK00043,accounts,STF1058
TCK00184,accounts,STF1158
TCK00184,applications,Departure-Control-System
TCK00224,applications,Departure-Control-System
TCK00274,devices,DEV0243
TCK00182,applications,Cargo-Manifest-System
TCK00085,accounts,STF1005
TCK00085,applications,Baggage-Handling-System
TCK00068,applications,Cargo-Manifest-System
TCK00101,accounts,STF1042
TCK00101,applications,Gate-Management-System
TCK00141,devices,DEV0006
TCK00152,accounts,STF1177
TCK00152,applications,Airfield-Ops-Portal
TCK00210,accounts,STF1019
TCK00067,applications,Baggage-Handling-System
TCK00178,devices,DEV0302
TCK00031,vendors,Falcon Cargo Handling
TCK00330,accounts,STF1123
TCK00330,applications,Gate-Management-System
TCK00247,applications,Baggage-Handling-System
TCK00140,accounts,STF1034
TCK00122,accounts,STF1127
TCK00122,applications,Baggage-Handling-System
TCK00243,accounts,STF1097
TCK00011,accounts,STF1127
TCK00011,applications,Gate-Management-System
TCK00251,vendors,Falcon Cargo Handling
TCK00213,accounts,STF1136
TCK00213,applications,Airfield-Ops-Portal
TCK00174,devices,DEV0193
TCK00083,accounts,STF1114
TCK00083,applications,Cargo-Manifest-System
TCK00332,accounts,STF1057
TCK00233,accounts,STF1171
TCK00233,applications,Gate-Management-System
TCK00022,applications,Departure-Control-System
TCK00022,vendors,Horizon Cleaning Services
TCK00272,applications,Departure-Control-System
TCK00058,accounts,VND2019
TCK00197,accounts,STF1098
TCK00197,applications,Gate-Management-System
TCK00026,applications,Departure-Control-System
TCK00312,applications,Gate-Management-System
TCK00172,applications,Gate-Management-System
TCK00034,accounts,STF1064
TCK00034,applications,Gate-Management-System
TCK00034,applications,Baggage-Handling-System
TCK00013,applications,Gate-Management-System
TCK00013,vendors,Coastal Catering Co
TCK00290,applications,Gate-Management-System
TCK00290,vendors,Horizon Cleaning Services
TCK00007,applications,Departure-Control-System
TCK00149,applications,Departure-Control-System
TCK00149,vendors,AeroFuel Solutions
TCK00338,accounts,VND2033
TCK00338,applications,Departure-Control-System
TCK00262,accounts,STF1155
TCK00256,accounts,STF1030
TCK00256,applications,Cargo-Manifest-System
TCK00298,accounts,VND2031
TCK00298,applications,Cargo-Manifest-System
TCK00189,applications,Gate-Management-System
TCK00189,vendors,SkyLink Ground Services
TCK00004,accounts,STF1006
TCK00287,accounts,STF1174
TCK00287,applications,Baggage-Handling-System
TCK00322,applications,Departure-Control-System
TCK00040,applications,Departure-Control-System
TCK00057,applications,Baggage-Handling-System
TCK00278,accounts,STF1072
TCK00163,applications,Departure-Control-System
TCK00163,vendors,Horizon Cleaning Services
TCK00220,devices,DEV0354
TCK00137,accounts,VND2022
TCK00137,applications,Gate-Management-System
TCK00313,applications,Baggage-Handling-System
TCK00279,applications,Airfield-Ops-Portal
TCK00191,devices,DEV0332
TCK00146,applications,Cargo-Manifest-System
TCK00144,vendors,Falcon Cargo Handling
TCK00276,accounts,STF1035
TCK00054,accounts,STF1134
TCK00054,applications,Airfield-Ops-Portal
TCK00117,accounts,STF1166
TCK00117,applications,Departure-Control-System
TCK00117,applications,Airfield-Ops-Portal
TCK00214,accounts,STF1078
TCK00295,vendors,AeroFuel Solutions
TCK00046,accounts,STF1154
TCK00027,applications,Departure-Control-System
TCK00056,accounts,STF1133
TCK00056,applications,Airfield-Ops-Portal
TCK00154,devices,DEV0190
TCK00209,accounts,STF1159
TCK00209,applications,Airfield-Ops-Portal
TCK00147,accounts,STF1043
TCK00147,applications,Gate-Management-System
TCK00337,accounts,STF1174
TCK00337,applications,Departure-Control-System
TCK00133,vendors,Meridian Aircraft Maintenance
TCK00241,applications,Airfield-Ops-Portal
TCK00328,accounts,STF1165
TCK00328,applications,Departure-Control-System
TCK00328,applications,Cargo-Manifest-System
TCK00047,applications,Gate-Management-System
TCK00128,accounts,STF1044
TCK00148,applications,Departure-Control-System
TCK00148,vendors,Coastal Catering Co
TCK00277,accounts,STF1000
TCK00277,applications,Gate-Management-System
TCK00288,accounts,VND2010
TCK00288,applications,Cargo-Manifest-System
TCK00263,applications,Cargo-Manifest-System
TCK00263,vendors,Coastal Catering Co
TCK00225,applications,Departure-Control-System
TCK00064,accounts,STF1024
TCK00061,accounts,STF1021
TCK00021,applications,Cargo-Manifest-System
TCK00289,accounts,STF1155
TCK00055,applications,Baggage-Handling-System
TCK00055,vendors,Horizon Cleaning Services
TCK00175,applications,Airfield-Ops-Portal
TCK00207,accounts,VND2029
TCK00207,applications,Cargo-Manifest-System
TCK00327,applications,Cargo-Manifest-System
TCK00327,vendors,SkyLink Ground Services
TCK00259,accounts,STF1008
TCK00259,applications,Departure-Control-System
TCK00052,accounts,VND2019
TCK00052,applications,Departure-Control-System
TCK00017,applications,Departure-Control-System
TCK00285,accounts,STF1151
TCK00285,applications,Gate-Management-System
TCK00176,applications,Airfield-Ops-Portal
TCK00321,accounts,STF1037
TCK00321,applications,Gate-Management-System
TCK00208,vendors,Horizon Cleaning Services
TCK00014,accounts,STF1100
TCK00014,applications,Departure-Control-System
TCK00014,applications,Airfield-Ops-Portal
TCK00049,accounts,STF1029
TCK00049,applications,Departure-Control-System
TCK00092,devices,DEV0055
TCK00293,applications,Airfield-Ops-Portal
TCK00308,applications,Baggage-Handling-System
TCK00177,applications,Baggage-Handling-System
TCK00177,vendors,AeroFuel Solutions
TCK00194,devices,DEV0189
TCK00331,applications,Baggage-Handling-System
TCK00331,vendors,Coastal Catering Co
TCK00125,applications,Cargo-Manifest-System
TCK00318,accounts,STF1086
TCK00138,applications,Gate-Management-System
TCK00132,applications,Gate-Management-System
TCK00132,vendors,SkyLink Ground Services
TCK00306,devices,DEV0185
TCK00003,applications,Departure-Control-System
TCK00003,vendors,Coastal Catering Co
TCK00098,accounts,STF1143
TCK00098,applications,Departure-Control-System
TCK00297,accounts,STF1175
TCK00161,devices,DEV0231
TCK00160,accounts,STF1017
TCK00091,applications,Airfield-Ops-Portal
TCK00131,accounts,STF1160
TCK00131,applications,Departure-Control-System
TCK00304,applications,Cargo-Manifest-System
TCK00304,vendors,Coastal Catering Co
TCK00179,accounts,STF1055
TCK00179,applications,Departure-Control-System
TCK00179,applications,Baggage-Handling-System
TCK00203,applications,Airfield-Ops-Portal
TCK00111,applications,Departure-Control-System
TCK00129,accounts,VND2017
TCK00129,applications,Baggage-Handling-System
TCK00300,applications,Baggage-Handling-System
TCK00157,accounts,STF1108
TCK00335,accounts,STF1085
TCK00335,applications,Departure-Control-System
TCK00118,applications,Departure-Control-System
TCK00070,accounts,STF1151
TCK00070,applications,Airfield-Ops-Portal
TCK00076,accounts,STF1117
TCK00076,applications,Departure-Control-System
TCK00261,applications,Cargo-Manifest-System
TCK00261,vendors,AeroFuel Solutions
TCK00271,accounts,VND2030
TCK00249,applications,Baggage-Handling-System
TCK00249,vendors,Horizon Cleaning Services
TCK00236,accounts,STF1015
TCK00236,applications,Departure-Control-System
TCK00001,accounts,VND2034
TCK00001,applications,Departure-Control-System
TCK00001,applications,Cargo-Manifest-System
TCK00248,applications,Cargo-Manifest-System
TCK00248,vendors,AeroFuel Solutions
TCK00228,applications,Departure-Control-System
TCK00235,applications,Cargo-Manifest-System
TCK00284,applications,Departure-Control-System
